Bytes,Duration,Events,TPUT
256,2,7356839,3.71088e+06
256,10,36849971,3.69753e+06
256,60,216770374,3.62135e+06
256,2,7189256,3.6261e+06
256,10,36895133,3.70207e+06
256,60,215659557,3.60276e+06
256,2,7464725,3.7636e+06
256,10,36817978,3.69436e+06
256,60,222889611,3.72359e+06
256,2,7263491,3.66265e+06
256,10,37522009,3.76482e+06
256,60,219885829,3.67339e+06
256,2,7470279,3.76639e+06
256,10,36818735,3.69439e+06
256,60,220300803,3.68034e+06
