Bytes,Duration,Events,TPUT
256,2,6783348,3.42163e+06
256,10,33777228,3.38922e+06
256,60,199890648,3.33935e+06
256,2,6782700,3.42086e+06
256,10,33883435,3.39983e+06
256,60,205393063,3.43128e+06
256,2,6817402,3.43781e+06
256,10,33476396,3.35907e+06
256,60,204864301,3.42246e+06
256,2,6806214,3.43194e+06
256,10,32738532,3.28504e+06
256,60,201906241,3.37301e+06
256,2,6735249,3.39685e+06
256,10,33367822,3.34822e+06
256,60,200246943,3.34531e+06
