Bytes,Duration,Events,TPUT
256,2,6627427,3.34313e+06
256,10,35674762,3.57961e+06
256,60,220219731,3.67894e+06
256,2,7174563,3.61808e+06
256,10,36558213,3.66836e+06
256,60,219781799,3.67165e+06
256,2,7267844,3.66528e+06
256,10,36658147,3.67843e+06
256,60,217545782,3.63429e+06
256,2,7273450,3.66822e+06
256,10,36505524,3.66312e+06
256,60,219750015,3.67114e+06
256,2,7076266,3.56901e+06
256,10,35240494,3.53619e+06
256,60,215861257,3.60617e+06
