Bytes,Duration,Events,TPUT
256,2,6969175,3.51577e+06
256,10,35561125,3.56828e+06
256,60,213743639,3.57077e+06
256,2,7068260,3.56468e+06
256,10,34363871,3.44809e+06
256,60,212701690,3.55338e+06
256,2,7067083,3.56356e+06
256,10,35390714,3.55116e+06
256,60,212669203,3.55284e+06
256,2,7078112,3.56962e+06
256,10,35586208,3.57068e+06
256,60,215318416,3.59706e+06
256,2,7061946,3.56048e+06
256,10,35142335,3.52619e+06
256,60,211988069,3.54147e+06
