Bytes,Duration,Events,TPUT
256,2,6940857,3.50045e+06
256,10,34634794,3.47519e+06
256,60,207743369,3.47052e+06
256,2,6789784,3.42427e+06
256,10,34718891,3.4837e+06
256,60,209408982,3.49838e+06
256,2,6767676,3.4127e+06
256,10,35182186,3.53025e+06
256,60,209595690,3.5015e+06
256,2,6771837,3.41452e+06
256,10,35046552,3.51645e+06
256,60,210523330,3.51697e+06
256,2,6852868,3.45508e+06
256,10,34431234,3.45488e+06
256,60,209932199,3.50712e+06
